00_20250114020817.jpg>Lux:2.22,Gas:27679,CO2:967,Temp:34.31,Blue:4,Clear:13,Green:4,Red:7,Pressure:1008.2,Humidity:59
00_20250114020817.jpg>Lux:2.22,Blue:4,Humidity:59,Green:4,Pressure:1008.2,Red:7,Clear:13,Temp:34.31,CO2:967,Gas:27679
00_20250114020817.jpg>Lux:2.22,Temp:34.31,Pressure:1008.2,Clear:13,Blue:4,Humidity:59,Red:7,Green:4,Gas:27679,CO2:967
00_20250114020817.jpg>Lux:2.22,Red:7,Green:4,Temp:34.31,Pressure:1008.2,Blue:4,CO2:967,Gas:27679,Clear:13,Humidity:59
00_20250114020817.jpg>Blue:4,Pressure:1008.2,Lux:2.22,Temp:34.31,Clear:13,Humidity:59,Green:4,Red:7,CO2:967,Gas:27679
00_20250114031857.jpg>Clear:0,Red:0,Green:0,Blue:0,Lux:1.2
00_20250114041859.jpg>Temp:29.63,Lux:1.19,Humidity:72,Clear:0,Green:0,Blue:0,CO2:640,Pressure:1006.98,Red:0,Gas:34458
00_20250114041859.jpg>Clear:0,Pressure:1006.98,Temp:29.63,Blue:0,Lux:1.19,Gas:34458,Green:0,Humidity:72,Red:0,CO2:640
00_20250114041859.jpg>Pressure:1006.98,Green:0,Red:0,CO2:640,Clear:0,Blue:0,Temp:29.63,Gas:34458,Lux:1.19,Humidity:72
00_20250114041859.jpg>Gas:34458,Clear:0,Green:0,Blue:0,CO2:640,Red:0,Pressure:1006.98,Humidity:72,Lux:1.19,Temp:29.63
00_20250114041859.jpg>Clear:0,Humidity:72,Gas:34458,CO2:640,Pressure:1006.98,Green:0,Blue:0,Lux:1.19,Temp:29.63,Red:0
00_20250114041859.jpg>Gas:34458,CO2:640,Red:0,Clear:0,Blue:0,Temp:29.63,Humidity:72,Green:0,Pressure:1006.98,Lux:1.19
00_20250114041859.jpg>CO2:640,Lux:1.19,Red:0,Gas:34458,Temp:29.63,Clear:0,Pressure:1006.98,Green:0,Blue:0,Humidity:72
00_20250114044903.jpg>CO2:606,Pressure:1006.98,Blue:0,Humidity:72,Lux:1.21,Temp:29.66,Clear:0,Green:0,Gas:34800,Red:0
00_20250114044903.jpg>Green:0,Pressure:1006.98,Lux:1.21,Blue:0,Humidity:72,Gas:34800,Temp:29.66,CO2:606,Red:0,Clear:0
00_20250114044903.jpg>Gas:34800,Green:0,Humidity:72,Lux:1.21,Red:0,Clear:0,Temp:29.66,Blue:0,CO2:606,Pressure:1006.98
00_20250114052918.jpg>Clear:0,Red:0,Green:0,Blue:0,Temp:29.64,Pressure:1007.07,CO2:643,Humidity:73,Gas:33957,Lux:1.25
00_20250114052918.jpg>Blue:0,Pressure:1007.07,Red:0,CO2:643,Green:0,Lux:1.25,Gas:33957,Temp:29.64,Clear:0,Humidity:73
00_20250114052918.jpg>Temp:29.64,Gas:33957,Pressure:1007.07,Red:0,Blue:0,Green:0,Humidity:73,Lux:1.25,Clear:0,CO2:643
00_20250114052918.jpg>Gas:33957,Blue:0,Pressure:1007.07,Temp:29.64,CO2:643,Green:0,Clear:0,Humidity:73,Lux:1.25,Red:0
00_20250114052918.jpg>Clear:0,Gas:33957,CO2:643,Blue:0,Humidity:73,Lux:1.25,Red:0,Pressure:1007.07,Temp:29.64,Green:0
00_20250114052918.jpg>Gas:33957,Clear:0,Blue:0,Pressure:1007.07,Humidity:73,CO2:643,Lux:1.25,Green:0,Temp:29.64,Red:0
00_20250114053925.jpg>Clear:0,Red:0,Green:0,Blue:0,Temp:29.65,Pressure:1007.18,CO2:685,Humidity:72,Gas:32972,Lux:1.24
00_20250114053925.jpg>Green:0,Gas:32972,Lux:1.24,CO2:685,Blue:0,Humidity:72,Red:0,Temp:29.65,Clear:0,Pressure:1007.18
00_20250114053925.jpg>Pressure:1007.18,Humidity:72,Lux:1.24,CO2:685,Red:0,Blue:0,Temp:29.65,Gas:32972,Clear:0,Green:0
00_20250114053925.jpg>Gas:32972,Blue:0,Pressure:1007.18,CO2:685,Humidity:72,Green:0,Red:0,Lux:1.24,Clear:0,Temp:29.65
00_20250114055940.jpg>Clear:0,Red:0,Green:0,Blue:0,Temp:29.67,Pressure:1007.32,CO2:637,Humidity:73,Gas:33418,Lux:1.23
00_20250114055940.jpg>Clear:0,Gas:33418,Red:0,Blue:0,Temp:29.67,Lux:1.23,CO2:637,Pressure:1007.32,Humidity:73,Green:0
00_20250114055940.jpg>Red:0,Pressure:1007.32,Humidity:73,Gas:33418,Temp:29.67,Clear:0,Green:0,Lux:1.23,Blue:0,CO2:637
00_20250114055940.jpg>Red:0,Green:0,Lux:1.23,Temp:29.67,Blue:0,Pressure:1007.32,Gas:33418,Clear:0,CO2:637,Humidity:73
00_20250114055940.jpg>Humidity:73,Gas:33418,Blue:0,Clear:0,Lux:1.23,Pressure:1007.32,Temp:29.67,Green:0,Red:0,CO2:637
00_20250114055940.jpg>Gas:33418,Green:0,Pressure:1007.32,Temp:29.67,Lux:1.23,CO2:637,Humidity:73,Blue:0,Clear:0,Red:0
00_20250114055940.jpg>Blue:0,Green:0,Red:0,Humidity:73,CO2:637,Pressure:1007.32,Lux:1.23,Temp:29.67,Clear:0,Gas:33418
00_20250114055940.jpg>Blue:0,Lux:1.23,Humidity:73,Clear:0,Temp:29.67,Green:0,Red:0,Gas:33418,Pressure:1007.32,CO2:637
00_20250114060948.jpg>Clear:0,Red:0,Green:0,Blue:0,Temp:29.81,Pressure:1007.41,CO2:944,Humidity:72,Gas:31729,Lux:1.41
00_20250114060948.jpg>Temp:29.81,Gas:31729,CO2:944,Pressure:1007.41,Humidity:72,Green:0,Red:0,Lux:1.41,Clear:0,Blue:0
00_20250114060948.jpg>Temp:29.81,Lux:1.41,Red:0,Pressure:1007.41,Gas:31729,Clear:0,CO2:944,Blue:0,Humidity:72,Green:0
00_20250114060948.jpg>Green:0,Red:0,Temp:29.81,Gas:31729,CO2:944,Lux:1.41,Humidity:72,Clear:0,Pressure:1007.41,Blue:0
00_20250114060948.jpg>Clear:0,Temp:29.81,Blue:0,Humidity:72,Lux:1.41,Gas:31729,Green:0,CO2:944,Pressure:1007.41,Red:0
00_20250114061955.jpg>Humidity:73,CO2:600,Red:0,Pressure:1007.51,Temp:29.64,Lux:1.35,Gas:34458,Green:0,Clear:0,Blue:0
00_20250114061955.jpg>Humidity:73,Pressure:1007.51,Blue:0,CO2:600,Clear:0,Gas:34458,Lux:1.35,Temp:29.64,Green:0,Red:0
00_20250114061955.jpg>Blue:0,CO2:600,Gas:34458,Lux:1.35,Temp:29.64,Pressure:1007.51,Clear:0,Red:0,Green:0,Humidity:73
00_20250114061955.jpg>Clear:0,Red:0,Gas:34458,CO2:600,Green:0,Lux:1.35,Pressure:1007.51,Humidity:73,Blue:0,Temp:29.64
00_20250114061955.jpg>Humidity:73,Lux:1.35,Gas:34458,Blue:0,Red:0,Temp:29.64,CO2:600,Green:0,Clear:0,Pressure:1007.51
00_20250114061955.jpg>Gas:34458,Pressure:1007.51,Green:0,CO2:600,Humidity:73,Temp:29.64,Red:0,Clear:0,Lux:1.35,Blue:0
00_20250114063003.jpg>Blue:0,Clear:0,Lux:1.25,Green:0,Red:0
00_20250114064010.jpg>Temp:29.64,Humidity:73,Red:0,Green:0,Pressure:1007.64,Gas:33102,Lux:1.28,Clear:0,Blue:0,CO2:647
00_20250114064010.jpg>Red:0,Clear:0,Temp:29.64,Humidity:73,CO2:647,Lux:1.28,Pressure:1007.64,Green:0,Gas:33102,Blue:0
00_20250114065018.jpg>Clear:1,Red:0,Green:0,Blue:1,Temp:29.63,Pressure:1007.61,CO2:607,Humidity:73,Gas:33471,Lux:1.92
00_20250114065018.jpg>Blue:1,Lux:1.92,Clear:1,CO2:607,Red:0,Pressure:1007.61,Temp:29.63,Green:0,Gas:33471,Humidity:73
00_20250114065018.jpg>Humidity:73,Blue:1,CO2:607,Pressure:1007.61,Red:0,Green:0,Temp:29.63,Lux:1.92,Gas:33471,Clear:1
00_20250114065018.jpg>Red:0,Clear:1,Blue:1,Gas:33471,Humidity:73,Green:0,CO2:607,Pressure:1007.61,Temp:29.63,Lux:1.92
00_20250114065018.jpg>Blue:1,Lux:1.92,CO2:607,Pressure:1007.61,Temp:29.63,Clear:1,Gas:33471,Humidity:73,Green:0,Red:0
00_20250114065018.jpg>Pressure:1007.61,Red:0,Green:0,CO2:607,Clear:1,Lux:1.92,Temp:29.63,Humidity:73,Blue:1,Gas:33471
00_20250114065018.jpg>Humidity:73,Gas:33471,Lux:1.92,Green:0,Blue:1,Temp:29.63,CO2:607,Clear:1,Red:0,Pressure:1007.61
00_20250114070025.jpg>CO2:759,Gas:32413,Red:2,Lux:13.91,Green:4,Blue:5,Pressure:1007.61,Temp:29.67,Clear:8,Humidity:73
00_20250114070025.jpg>Clear:8,Green:4,Blue:5,Pressure:1007.61,CO2:759,Red:2,Gas:32413,Humidity:73,Temp:29.67,Lux:13.91
00_20250114070025.jpg>Green:4,CO2:759,Humidity:73,Blue:5,Pressure:1007.61,Lux:13.91,Clear:8,Gas:32413,Red:2,Temp:29.67
00_20250114070025.jpg>Temp:29.67,Gas:32413,Blue:5,Humidity:73,Green:4,CO2:759,Clear:8,Pressure:1007.61,Lux:13.91,Red:2
00_20250114073033.jpg>Green:240,Red:106,Blue:223,Lux:577.87,Clear:393
00_20250114083047.jpg>Clear:3848,Red:1089,Green:2293,Blue:2007,Temp:30.23,Pressure:1008.71,CO2:1678,Humidity:71,Gas:27022,Lux:7878.36
00_20250114083047.jpg>CO2:1678,Gas:27022,Pressure:1008.71,Red:1089,Humidity:71,Lux:7878.36,Temp:30.23,Green:2293,Blue:2007,Clear:3848
00_20250114083047.jpg>Humidity:71,CO2:1678,Clear:3848,Green:2293,Temp:30.23,Gas:27022,Pressure:1008.71,Red:1089,Lux:7878.36,Blue:2007
00_20250114083047.jpg>Blue:2007,Temp:30.23,Gas:27022,CO2:1678,Green:2293,Humidity:71,Pressure:1008.71,Red:1089,Clear:3848,Lux:7878.36
00_20250114083047.jpg>CO2:1678,Pressure:1008.71,Red:1089,Lux:7878.36,Blue:2007,Humidity:71,Gas:27022,Green:2293,Clear:3848,Temp:30.23
00_20250114083047.jpg>Red:1089,Temp:30.23,Humidity:71,Gas:27022,Clear:3848,Lux:7878.36,Blue:2007,CO2:1678,Pressure:1008.71,Green:2293
00_20250114083047.jpg>CO2:1678,Lux:7878.36,Blue:2007,Pressure:1008.71,Temp:30.23,Gas:27022,Humidity:71,Clear:3848,Green:2293,Red:1089
00_20250114083047.jpg>Temp:30.23,Red:1089,CO2:1678,Humidity:71,Green:2293,Blue:2007,Lux:7878.36,Pressure:1008.71,Gas:27022,Clear:3848
00_20250114083047.jpg>Gas:27022,CO2:1678,Clear:3848,Temp:30.23,Blue:2007,Humidity:71,Green:2293,Red:1089,Lux:7878.36,Pressure:1008.71
00_20250114083047.jpg>Green:2293,Temp:30.23,Red:1089,Gas:27022,Humidity:71,Pressure:1008.71,Blue:2007,CO2:1678,Clear:3848,Lux:7878.36
00_20250114090054.jpg>Clear:6246,Red:1846,Green:3923,Blue:3305,Temp:30.32,Pressure:1009.3,CO2:2096,Humidity:71,Gas:25452,Lux:5410.33
00_20250114090054.jpg>Temp:30.32,Humidity:71,Green:3923,CO2:2096,Red:1846,Gas:25452,Lux:5410.33,Pressure:1009.3,Clear:6246,Blue:3305
00_20250114090054.jpg>Clear:6246,Lux:5410.33,Red:1846,CO2:2096,Temp:30.32,Green:3923,Blue:3305,Humidity:71,Pressure:1009.3,Gas:25452
00_20250114090054.jpg>Clear:6246,Humidity:71,Temp:30.32,Pressure:1009.3,Green:3923,Lux:5410.33,CO2:2096,Gas:25452,Red:1846,Blue:3305
00_20250114090054.jpg>Humidity:71,Blue:3305,Lux:5410.33,Temp:30.32,Green:3923,CO2:2096,Red:1846,Clear:6246,Gas:25452,Pressure:1009.3
00_20250114090054.jpg>Gas:25452,CO2:2096,Pressure:1009.3,Red:1846,Blue:3305,Humidity:71,Temp:30.32,Clear:6246,Lux:5410.33,Green:3923
00_20250114090054.jpg>Humidity:71,Temp:30.32,Red:1846,Clear:6246,Blue:3305,Gas:25452,Green:3923,Lux:5410.33,Pressure:1009.3,CO2:2096
00_20250114090054.jpg>Clear:6246,Gas:25452,Temp:30.32,CO2:2096,Pressure:1009.3,Green:3923,Red:1846,Humidity:71,Lux:5410.33,Blue:3305
00_20250114090054.jpg>Lux:5410.33,Pressure:1009.3,Green:3923,Gas:25452,CO2:2096,Humidity:71,Blue:3305,Temp:30.32,Clear:6246,Red:1846
00_20250114090054.jpg>Gas:25452,Pressure:1009.3,Humidity:71,Temp:30.32,Blue:3305,Clear:6246,CO2:2096,Green:3923,Red:1846,Lux:5410.33
00_20250114093101.jpg>Clear:7861,Red:2287,Green:5015,Blue:4240,Temp:30.27,Pressure:1009.46,CO2:2160,Humidity:72,Gas:24895,Lux:11133.66
00_20250114093101.jpg>Red:2287,Temp:30.27,CO2:2160,Pressure:1009.46,Lux:11133.66,Clear:7861,Humidity:72,Gas:24895,Green:5015,Blue:4240
00_20250114093101.jpg>CO2:2160,Pressure:1009.46,Green:5015,Clear:7861,Gas:24895,Temp:30.27,Blue:4240,Lux:11133.66,Red:2287,Humidity:72
00_20250114093101.jpg>Lux:11133.66,Humidity:72,Pressure:1009.46,Temp:30.27,Blue:4240,Clear:7861,Red:2287,CO2:2160,Gas:24895,Green:5015
00_20250114093101.jpg>Clear:7861,Lux:11133.66,Humidity:72,CO2:2160,Green:5015,Temp:30.27,Pressure:1009.46,Blue:4240,Gas:24895,Red:2287
00_20250114093101.jpg>Humidity:72,Red:2287,CO2:2160,Clear:7861,Gas:24895,Temp:30.27,Pressure:1009.46,Green:5015,Lux:11133.66,Blue:4240
00_20250114093101.jpg>Pressure:1009.46,Temp:30.27,Lux:11133.66,Clear:7861,Gas:24895,Blue:4240,Red:2287,CO2:2160,Humidity:72,Green:5015
00_20250114093101.jpg>Gas:24895,Humidity:72,Clear:7861,Pressure:1009.46,Red:2287,CO2:2160,Green:5015,Blue:4240,Lux:11133.66,Temp:30.27
00_20250114093101.jpg>Clear:7861,Green:5015,CO2:2160,Temp:30.27,Gas:24895,Pressure:1009.46,Blue:4240,Red:2287,Lux:11133.66,Humidity:72
00_20250114093101.jpg>Red:2287,Lux:11133.66,Blue:4240,Gas:24895,CO2:2160,Green:5015,Humidity:72,Pressure:1009.46,Temp:30.27,Clear:7861
00_20250114103114.jpg>Clear:5653,Red:1590,Green:3451,Blue:3044,Temp:34.6,Pressure:1009.75,CO2:1405,Humidity:61,Gas:25923,Lux:6826.64
00_20250114103114.jpg>Clear:5653,Gas:25923,Temp:34.6,Lux:6826.64,Blue:3044,Red:1590,Green:3451,Humidity:61,CO2:1405,Pressure:1009.75
00_20250114103114.jpg>CO2:1405,Gas:25923,Pressure:1009.75,Humidity:61,Green:3451,Blue:3044,Clear:5653,Temp:34.6,Lux:6826.64,Red:1590
00_20250114103114.jpg>Blue:3044,Lux:6826.64,Gas:25923,Red:1590,CO2:1405,Pressure:1009.75,Humidity:61,Temp:34.6,Green:3451,Clear:5653
00_20250114103114.jpg>Green:3451,Gas:25923,Lux:6826.64,Pressure:1009.75,Clear:5653,CO2:1405,Red:1590,Temp:34.6,Blue:3044,Humidity:61
00_20250114103114.jpg>CO2:1405,Blue:3044,Clear:5653,Humidity:61,Pressure:1009.75,Temp:34.6,Gas:25923,Red:1590,Lux:6826.64,Green:3451
00_20250114103114.jpg>Humidity:61,Green:3451,Pressure:1009.75,Clear:5653,Gas:25923,Lux:6826.64,CO2:1405,Temp:34.6,Red:1590,Blue:3044
00_20250114103114.jpg>CO2:1405,Lux:6826.64,Blue:3044,Gas:25923,Pressure:1009.75,Humidity:61,Red:1590,Temp:34.6,Clear:5653,Green:3451
00_20250114103114.jpg>Red:1590,Humidity:61,Lux:6826.64,CO2:1405,Pressure:1009.75,Clear:5653,Green:3451,Gas:25923,Blue:3044,Temp:34.6
00_20250114103114.jpg>Gas:25923,CO2:1405,Pressure:1009.75,Temp:34.6,Green:3451,Clear:5653,Lux:6826.64,Humidity:61,Blue:3044,Red:1590
00_20250114110121.jpg>Clear:5084,Red:1407,Green:3077,Blue:2767,Temp:34.38,Pressure:1009.66,CO2:952,Humidity:61,Gas:28067,Lux:6069.8
00_20250114110121.jpg>Green:3077,CO2:952,Temp:34.38,Humidity:61,Blue:2767,Clear:5084,Lux:6069.8,Red:1407,Pressure:1009.66,Gas:28067
00_20250114110121.jpg>Clear:5084,Pressure:1009.66,CO2:952,Lux:6069.8,Humidity:61,Red:1407,Green:3077,Blue:2767,Gas:28067,Temp:34.38
00_20250114110121.jpg>Green:3077,Gas:28067,Humidity:61,Red:1407,Blue:2767,Temp:34.38,Pressure:1009.66,CO2:952,Clear:5084,Lux:6069.8
00_20250114110121.jpg>Blue:2767,Lux:6069.8,CO2:952,Gas:28067,Humidity:61,Temp:34.38,Green:3077,Pressure:1009.66,Clear:5084,Red:1407
00_20250114110121.jpg>Humidity:61,Lux:6069.8,Blue:2767,CO2:952,Red:1407,Temp:34.38,Gas:28067,Pressure:1009.66,Green:3077,Clear:5084
00_20250114110121.jpg>Red:1407,Green:3077,Blue:2767,Gas:28067,Lux:6069.8,Clear:5084,CO2:952,Humidity:61,Temp:34.38,Pressure:1009.66
00_20250114110121.jpg>Green:3077,Lux:6069.8,Humidity:61,Gas:28067,CO2:952,Temp:34.38,Red:1407,Pressure:1009.66,Clear:5084,Blue:2767
00_20250114110121.jpg>Gas:28067,Temp:34.38,Blue:2767,Clear:5084,Lux:6069.8,CO2:952,Humidity:61,Red:1407,Pressure:1009.66,Green:3077
00_20250114110121.jpg>Clear:5084,Temp:34.38,CO2:952,Blue:2767,Pressure:1009.66,Red:1407,Lux:6069.8,Humidity:61,Green:3077,Gas:28067
00_20250114113128.jpg>Clear:10871,Red:3160,Green:6742,Blue:5781,Temp:34.74,Pressure:1009.6,CO2:1741,Humidity:60,Gas:24124,Lux:12012.54
00_20250114113128.jpg>Clear:10871,Gas:24124,Humidity:60,CO2:1741,Pressure:1009.6,Blue:5781,Green:6742,Temp:34.74,Lux:12012.54,Red:3160
00_20250114113128.jpg>Clear:10871,Red:3160,CO2:1741,Temp:34.74,Humidity:60,Lux:12012.54,Pressure:1009.6,Blue:5781,Gas:24124,Green:6742
00_20250114113128.jpg>Temp:34.74,Green:6742,Pressure:1009.6,Gas:24124,Clear:10871,CO2:1741,Blue:5781,Red:3160,Lux:12012.54,Humidity:60
00_20250114113128.jpg>CO2:1741,Temp:34.74,Blue:5781,Green:6742,Pressure:1009.6,Red:3160,Lux:12012.54,Clear:10871,Humidity:60,Gas:24124
00_20250114113128.jpg>Gas:24124,Red:3160,Humidity:60,Blue:5781,Temp:34.74,CO2:1741,Green:6742,Clear:10871,Lux:12012.54,Pressure:1009.6
00_20250114113128.jpg>Green:6742,Red:3160,Temp:34.74,Clear:10871,CO2:1741,Humidity:60,Gas:24124,Pressure:1009.6,Blue:5781,Lux:12012.54
00_20250114113128.jpg>Blue:5781,Humidity:60,Temp:34.74,Green:6742,Gas:24124,Clear:10871,Pressure:1009.6,Red:3160,CO2:1741,Lux:12012.54
00_20250114113128.jpg>Green:6742,Clear:10871,CO2:1741,Humidity:60,Lux:12012.54,Red:3160,Blue:5781,Gas:24124,Pressure:1009.6,Temp:34.74
00_20250114113128.jpg>CO2:1741,Pressure:1009.6,Lux:12012.54,Gas:24124,Red:3160,Humidity:60,Clear:10871,Green:6742,Blue:5781,Temp:34.74
00_20250114123142.jpg>Green:5601,Lux:12503.47,Red:2536,Clear:8955,Blue:4877
00_20250114130149.jpg>Clear:12009,Red:3502,Green:7542,Blue:6454,Temp:34.85,Pressure:1008.69,CO2:579,Humidity:59,Gas:31801,Lux:13561.69
00_20250114130149.jpg>Clear:12009,Lux:13561.69,Red:3502,CO2:579,Pressure:1008.69,Temp:34.85,Blue:6454,Humidity:59,Green:7542,Gas:31801
00_20250114130149.jpg>Gas:31801,CO2:579,Green:7542,Temp:34.85,Red:3502,Humidity:59,Lux:13561.69,Pressure:1008.69,Clear:12009,Blue:6454
00_20250114130149.jpg>Clear:12009,Humidity:59,Lux:13561.69,Pressure:1008.69,Blue:6454,CO2:579,Green:7542,Red:3502,Gas:31801,Temp:34.85
00_20250114130149.jpg>Blue:6454,Green:7542,Humidity:59,Lux:13561.69,Gas:31801,Temp:34.85,CO2:579,Pressure:1008.69,Red:3502,Clear:12009
00_20250114130149.jpg>Humidity:59,Green:7542,CO2:579,Red:3502,Temp:34.85,Pressure:1008.69,Blue:6454,Lux:13561.69,Gas:31801,Clear:12009
00_20250114130149.jpg>Green:7542,Clear:12009,Temp:34.85,Humidity:59,Gas:31801,Lux:13561.69,CO2:579,Red:3502,Pressure:1008.69,Blue:6454
00_20250114130149.jpg>Humidity:59,Blue:6454,Temp:34.85,CO2:579,Clear:12009,Pressure:1008.69,Lux:13561.69,Red:3502,Gas:31801,Green:7542
00_20250114130149.jpg>CO2:579,Green:7542,Blue:6454,Pressure:1008.69,Lux:13561.69,Temp:34.85,Clear:12009,Gas:31801,Humidity:59,Red:3502
00_20250114130149.jpg>Green:7542,Lux:13561.69,Blue:6454,Red:3502,Pressure:1008.69,Temp:34.85,Clear:12009,Gas:31801,CO2:579,Humidity:59
00_20250114133156.jpg>Clear:18566,Red:5387,Green:11068,Blue:9778,Temp:35.33,Pressure:1008.18,CO2:773,Humidity:59,Gas:29278,Lux:15616.03
00_20250114133156.jpg>CO2:773,Humidity:59,Green:11068,Gas:29278,Lux:15616.03,Pressure:1008.18,Temp:35.33,Blue:9778,Red:5387,Clear:18566
00_20250114133156.jpg>CO2:773,Temp:35.33,Lux:15616.03,Humidity:59,Gas:29278,Clear:18566,Green:11068,Red:5387,Blue:9778,Pressure:1008.18
00_20250114133156.jpg>CO2:773,Lux:15616.03,Blue:9778,Gas:29278,Clear:18566,Green:11068,Temp:35.33,Red:5387,Humidity:59,Pressure:1008.18
00_20250114133156.jpg>Green:11068,CO2:773,Gas:29278,Humidity:59,Clear:18566,Red:5387,Pressure:1008.18,Lux:15616.03,Temp:35.33,Blue:9778
00_20250114133156.jpg>Gas:29278,Pressure:1008.18,Lux:15616.03,Temp:35.33,CO2:773,Red:5387,Clear:18566,Humidity:59,Blue:9778,Green:11068
00_20250114133156.jpg>Gas:29278,Blue:9778,Clear:18566,Temp:35.33,Humidity:59,Red:5387,Pressure:1008.18,Lux:15616.03,CO2:773,Green:11068
00_20250114133156.jpg>Humidity:59,Gas:29278,Pressure:1008.18,Red:5387,Lux:15616.03,Temp:35.33,CO2:773,Clear:18566,Green:11068,Blue:9778
00_20250114133156.jpg>Pressure:1008.18,Green:11068,Lux:15616.03,CO2:773,Clear:18566,Blue:9778,Red:5387,Gas:29278,Humidity:59,Temp:35.33
00_20250114133156.jpg>Temp:35.33,Gas:29278,Red:5387,Blue:9778,Humidity:59,Pressure:1008.18,CO2:773,Lux:15616.03,Green:11068,Clear:18566
00_20250114140203.jpg>Clear:4627,Red:1315,Green:2775,Blue:2444,Temp:34.59,Pressure:1007.77,CO2:1481,Humidity:61,Gas:25269,Lux:5869.02
00_20250114140203.jpg>Humidity:61,Pressure:1007.77,Temp:34.59,Green:2775,Clear:4627,Lux:5869.02,Red:1315,Blue:2444,Gas:25269,CO2:1481
00_20250114140203.jpg>Gas:25269,Humidity:61,Red:1315,Clear:4627,Lux:5869.02,Green:2775,Temp:34.59,Blue:2444,CO2:1481,Pressure:1007.77
00_20250114140203.jpg>CO2:1481,Clear:4627,Lux:5869.02,Pressure:1007.77,Humidity:61,Green:2775,Gas:25269,Red:1315,Blue:2444,Temp:34.59
00_20250114140203.jpg>Clear:4627,Humidity:61,Lux:5869.02,Green:2775,CO2:1481,Temp:34.59,Pressure:1007.77,Gas:25269,Blue:2444,Red:1315
00_20250114140203.jpg>Humidity:61,Lux:5869.02,Temp:34.59,Pressure:1007.77,Green:2775,Red:1315,CO2:1481,Blue:2444,Clear:4627,Gas:25269
00_20250114140203.jpg>Lux:5869.02,Gas:25269,CO2:1481,Blue:2444,Red:1315,Humidity:61,Clear:4627,Green:2775,Pressure:1007.77,Temp:34.59
00_20250114140203.jpg>Lux:5869.02,Clear:4627,Green:2775,Humidity:61,Pressure:1007.77,Gas:25269,Blue:2444,CO2:1481,Red:1315,Temp:34.59
00_20250114140203.jpg>CO2:1481,Lux:5869.02,Green:2775,Gas:25269,Clear:4627,Humidity:61,Blue:2444,Temp:34.59,Red:1315,Pressure:1007.77
00_20250114140203.jpg>Gas:25269,Blue:2444,CO2:1481,Red:1315,Green:2775,Humidity:61,Temp:34.59,Lux:5869.02,Pressure:1007.77,Clear:4627
00_20250114143210.jpg>Clear:5822,Red:1644,Green:3521,Blue:3124,Temp:34.67,Pressure:1007.25,CO2:917,Humidity:61,Gas:28389,Lux:6615.03
00_20250114143210.jpg>CO2:917,Lux:6615.03,Pressure:1007.25,Red:1644,Green:3521,Temp:34.67,Clear:5822,Blue:3124,Humidity:61,Gas:28389
00_20250114143210.jpg>Clear:5822,Gas:28389,CO2:917,Red:1644,Humidity:61,Green:3521,Lux:6615.03,Pressure:1007.25,Temp:34.67,Blue:3124
00_20250114143210.jpg>Green:3521,Clear:5822,Gas:28389,Lux:6615.03,Blue:3124,CO2:917,Humidity:61,Pressure:1007.25,Red:1644,Temp:34.67
00_20250114143210.jpg>Humidity:61,CO2:917,Gas:28389,Clear:5822,Blue:3124,Green:3521,Lux:6615.03,Pressure:1007.25,Red:1644,Temp:34.67
00_20250114143210.jpg>Lux:6615.03,Clear:5822,Blue:3124,Green:3521,Humidity:61,Gas:28389,Red:1644,CO2:917,Temp:34.67,Pressure:1007.25
00_20250114143210.jpg>Gas:28389,Clear:5822,Lux:6615.03,Red:1644,Humidity:61,Blue:3124,Temp:34.67,CO2:917,Green:3521,Pressure:1007.25
00_20250114143210.jpg>Blue:3124,Temp:34.67,Red:1644,Clear:5822,Humidity:61,Gas:28389,Green:3521,Lux:6615.03,CO2:917,Pressure:1007.25
00_20250114143210.jpg>Green:3521,Clear:5822,Lux:6615.03,Humidity:61,CO2:917,Temp:34.67,Red:1644,Blue:3124,Pressure:1007.25,Gas:28389
00_20250114143210.jpg>Gas:28389,Humidity:61,Red:1644,Blue:3124,Green:3521,Lux:6615.03,Clear:5822,Temp:34.67,Pressure:1007.25,CO2:917
00_20250114150217.jpg>Clear:6492,Red:1842,Green:4046,Blue:3507,Temp:34.71,Pressure:1006.65,CO2:1086,Humidity:60,Gas:27589,Lux:9090.95
00_20250114150217.jpg>Temp:34.71,Green:4046,Blue:3507,Red:1842,Humidity:60,Clear:6492,Lux:9090.95,Gas:27589,CO2:1086,Pressure:1006.65
00_20250114150217.jpg>CO2:1086,Clear:6492,Lux:9090.95,Blue:3507,Green:4046,Temp:34.71,Pressure:1006.65,Gas:27589,Red:1842,Humidity:60
00_20250114150217.jpg>Lux:9090.95,Gas:27589,Clear:6492,Pressure:1006.65,Green:4046,Blue:3507,CO2:1086,Humidity:60,Red:1842,Temp:34.71
00_20250114150217.jpg>CO2:1086,Lux:9090.95,Gas:27589,Clear:6492,Pressure:1006.65,Green:4046,Blue:3507,Temp:34.71,Humidity:60,Red:1842
00_20250114150217.jpg>CO2:1086,Clear:6492,Humidity:60,Temp:34.71,Blue:3507,Pressure:1006.65,Green:4046,Red:1842,Lux:9090.95,Gas:27589
00_20250114150217.jpg>Pressure:1006.65,Lux:9090.95,Temp:34.71,Blue:3507,Gas:27589,Clear:6492,CO2:1086,Red:1842,Green:4046,Humidity:60
00_20250114150217.jpg>Humidity:60,Clear:6492,CO2:1086,Temp:34.71,Red:1842,Green:4046,Blue:3507,Lux:9090.95,Pressure:1006.65,Gas:27589
00_20250114150217.jpg>Lux:9090.95,Clear:6492,Blue:3507,Temp:34.71,Humidity:60,Red:1842,Pressure:1006.65,Green:4046,CO2:1086,Gas:27589
00_20250114150217.jpg>Green:4046,Blue:3507,Clear:6492,Temp:34.71,Humidity:60,Red:1842,Pressure:1006.65,Lux:9090.95,CO2:1086,Gas:27589
00_20250114153224.jpg>Clear:8952,Red:2578,Green:5370,Blue:4726,Temp:35.07,Pressure:1006.01,CO2:1222,Humidity:60,Gas:26411,Lux:11167.92
00_20250114153224.jpg>Blue:4726,Humidity:60,Lux:11167.92,Red:2578,Green:5370,Pressure:1006.01,Temp:35.07,CO2:1222,Clear:8952,Gas:26411
00_20250114153224.jpg>Pressure:1006.01,Green:5370,Blue:4726,CO2:1222,Lux:11167.92,Humidity:60,Clear:8952,Temp:35.07,Red:2578,Gas:26411
00_20250114153224.jpg>Gas:26411,Blue:4726,Clear:8952,CO2:1222,Pressure:1006.01,Red:2578,Temp:35.07,Green:5370,Lux:11167.92,Humidity:60
00_20250114153224.jpg>Clear:8952,Temp:35.07,Red:2578,Blue:4726,Green:5370,Gas:26411,CO2:1222,Pressure:1006.01,Humidity:60,Lux:11167.92
00_20250114153224.jpg>Blue:4726,Humidity:60,Pressure:1006.01,Green:5370,Red:2578,Temp:35.07,Lux:11167.92,Gas:26411,CO2:1222,Clear:8952
00_20250114153224.jpg>Blue:4726,Temp:35.07,Lux:11167.92,Pressure:1006.01,Clear:8952,Red:2578,Humidity:60,Gas:26411,Green:5370,CO2:1222
00_20250114153224.jpg>Gas:26411,Pressure:1006.01,Blue:4726,Temp:35.07,Green:5370,Red:2578,Lux:11167.92,Clear:8952,CO2:1222,Humidity:60
00_20250114153224.jpg>Clear:8952,Humidity:60,Gas:26411,Temp:35.07,Pressure:1006.01,Lux:11167.92,Red:2578,Blue:4726,Green:5370,CO2:1222
00_20250114153224.jpg>Green:5370,Humidity:60,Lux:11167.92,Gas:26411,Clear:8952,Red:2578,Temp:35.07,CO2:1222,Blue:4726,Pressure:1006.01
00_20250114160231.jpg>Clear:8136,Red:2320,Green:4958,Blue:4366,Temp:35.2,Pressure:1005.7,CO2:900,Humidity:59,Gas:27955,Lux:9828.53
00_20250114160231.jpg>Lux:9828.53,Temp:35.2,Clear:8136,Blue:4366,Pressure:1005.7,Red:2320,Humidity:59,Green:4958,CO2:900,Gas:27955
00_20250114160231.jpg>Green:4958,Lux:9828.53,Temp:35.2,Pressure:1005.7,Clear:8136,Blue:4366,Gas:27955,Red:2320,CO2:900,Humidity:59
00_20250114160231.jpg>Lux:9828.53,Green:4958,Clear:8136,Pressure:1005.7,Red:2320,Gas:27955,Humidity:59,Temp:35.2,CO2:900,Blue:4366
00_20250114160231.jpg>Blue:4366,Temp:35.2,Gas:27955,Pressure:1005.7,Green:4958,Clear:8136,CO2:900,Lux:9828.53,Red:2320,Humidity:59
00_20250114160231.jpg>Temp:35.2,Clear:8136,CO2:900,Blue:4366,Lux:9828.53,Red:2320,Pressure:1005.7,Humidity:59,Gas:27955,Green:4958
00_20250114160231.jpg>Green:4958,Gas:27955,Lux:9828.53,Clear:8136,CO2:900,Red:2320,Humidity:59,Temp:35.2,Pressure:1005.7,Blue:4366
00_20250114160231.jpg>CO2:900,Lux:9828.53,Blue:4366,Humidity:59,Clear:8136,Gas:27955,Temp:35.2,Red:2320,Green:4958,Pressure:1005.7
00_20250114160231.jpg>Red:2320,Humidity:59,Temp:35.2,CO2:900,Blue:4366,Gas:27955,Green:4958,Lux:9828.53,Clear:8136,Pressure:1005.7
00_20250114160231.jpg>Temp:35.2,Red:2320,CO2:900,Gas:27955,Green:4958,Humidity:59,Pressure:1005.7,Clear:8136,Blue:4366,Lux:9828.53
00_20250114163238.jpg>Red:1476,Green:3329,Clear:5270,Blue:2882,Lux:7726.75
00_20250114163238.jpg>Lux:7726.75,Clear:5270,Green:3329,Red:1476,Blue:2882
00_20250114171252.jpg>Clear:2141,Red:570,Green:1294,Blue:1208,Temp:34.56,Pressure:1005.47,CO2:572,Humidity:60,Gas:32389,Lux:2696.5
00_20250114171252.jpg>Lux:2696.5,Blue:1208,Pressure:1005.47,Humidity:60,CO2:572,Temp:34.56,Red:570,Green:1294,Clear:2141,Gas:32389
00_20250114171252.jpg>Blue:1208,Humidity:60,Temp:34.56,Pressure:1005.47,Gas:32389,Green:1294,Red:570,Lux:2696.5,Clear:2141,CO2:572
00_20250114171252.jpg>Temp:34.56,Humidity:60,CO2:572,Gas:32389,Red:570,Blue:1208,Pressure:1005.47,Lux:2696.5,Green:1294,Clear:2141
00_20250114171252.jpg>Gas:32389,CO2:572,Blue:1208,Pressure:1005.47,Temp:34.56,Clear:2141,Humidity:60,Green:1294,Red:570,Lux:2696.5
00_20250114171252.jpg>Green:1294,Clear:2141,CO2:572,Lux:2696.5,Pressure:1005.47,Gas:32389,Red:570,Humidity:60,Blue:1208,Temp:34.56
00_20250114171252.jpg>Clear:2141,Red:570,Gas:32389,Green:1294,Pressure:1005.47,Temp:34.56,Lux:2696.5,Humidity:60,Blue:1208,CO2:572
00_20250114171252.jpg>Humidity:60,Temp:34.56,CO2:572,Blue:1208,Red:570,Lux:2696.5,Clear:2141,Gas:32389,Green:1294,Pressure:1005.47
00_20250114171252.jpg>Green:1294,Clear:2141,Temp:34.56,Gas:32389,Blue:1208,CO2:572,Humidity:60,Lux:2696.5,Pressure:1005.47,Red:570
00_20250114171252.jpg>Humidity:60,Gas:32389,Clear:2141,CO2:572,Blue:1208,Temp:34.56,Green:1294,Pressure:1005.47,Red:570,Lux:2696.5
00_20250114172259.jpg>Clear:1638,Red:425,Green:960,Blue:922,Temp:34.51,Pressure:1005.4,CO2:829,Humidity:60,Gas:29988,Lux:2253.55
00_20250114172259.jpg>Pressure:1005.4,CO2:829,Humidity:60,Red:425,Clear:1638,Lux:2253.55,Green:960,Blue:922,Gas:29988,Temp:34.51
00_20250114172259.jpg>Gas:29988,Humidity:60,Red:425,CO2:829,Green:960,Lux:2253.55,Temp:34.51,Pressure:1005.4,Clear:1638,Blue:922
00_20250114172259.jpg>Green:960,Gas:29988,Red:425,Temp:34.51,Pressure:1005.4,Blue:922,Humidity:60,Clear:1638,CO2:829,Lux:2253.55
00_20250114172259.jpg>Blue:922,Clear:1638,Lux:2253.55,Temp:34.51,Red:425,Green:960,Humidity:60,Pressure:1005.4,CO2:829,Gas:29988
00_20250114172259.jpg>Humidity:60,Temp:34.51,Blue:922,CO2:829,Clear:1638,Lux:2253.55,Pressure:1005.4,Gas:29988,Red:425,Green:960
00_20250114172259.jpg>Green:960,Clear:1638,Blue:922,Lux:2253.55,Red:425,Gas:29988,CO2:829,Pressure:1005.4,Temp:34.51,Humidity:60
00_20250114172259.jpg>Lux:2253.55,Temp:34.51,Humidity:60,Red:425,Gas:29988,Pressure:1005.4,Green:960,Blue:922,Clear:1638,CO2:829
00_20250114172259.jpg>Lux:2253.55,Red:425,Pressure:1005.4,CO2:829,Temp:34.51,Green:960,Blue:922,Gas:29988,Humidity:60,Clear:1638
00_20250114172259.jpg>Pressure:1005.4,Temp:34.51,Lux:2253.55,Blue:922,Red:425,Humidity:60,Green:960,Gas:29988,Clear:1638,CO2:829
00_20250114173306.jpg>Clear:2331,Red:623,Green:1331,Blue:1280,Temp:34.5,Pressure:1005.3,CO2:1659,Humidity:60,Gas:25208,Lux:3057.46
00_20250114173306.jpg>Humidity:60,CO2:1659,Red:623,Lux:3057.46,Pressure:1005.3,Temp:34.5,Green:1331,Gas:25208,Clear:2331,Blue:1280
00_20250114173306.jpg>Gas:25208,Red:623,Green:1331,CO2:1659,Clear:2331,Pressure:1005.3,Temp:34.5,Lux:3057.46,Humidity:60,Blue:1280
00_20250114173306.jpg>Pressure:1005.3,Green:1331,CO2:1659,Humidity:60,Clear:2331,Lux:3057.46,Blue:1280,Temp:34.5,Gas:25208,Red:623
00_20250114173306.jpg>Clear:2331,Lux:3057.46,Red:623,Blue:1280,Gas:25208,Pressure:1005.3,CO2:1659,Humidity:60,Temp:34.5,Green:1331
00_20250114173306.jpg>Red:623,Humidity:60,Lux:3057.46,Temp:34.5,Gas:25208,Green:1331,Pressure:1005.3,Clear:2331,Blue:1280,CO2:1659
00_20250114173306.jpg>Blue:1280,Pressure:1005.3,Green:1331,CO2:1659,Gas:25208,Humidity:60,Red:623,Temp:34.5,Lux:3057.46,Clear:2331
00_20250114173306.jpg>Gas:25208,Temp:34.5,Humidity:60,Lux:3057.46,Green:1331,Pressure:1005.3,CO2:1659,Red:623,Clear:2331,Blue:1280
00_20250114173306.jpg>CO2:1659,Blue:1280,Lux:3057.46,Clear:2331,Red:623,Green:1331,Pressure:1005.3,Temp:34.5,Humidity:60,Gas:25208
00_20250114173306.jpg>Temp:34.5,Pressure:1005.3,Humidity:60,Red:623,CO2:1659,Gas:25208,Lux:3057.46,Green:1331,Blue:1280,Clear:2331
00_20250114174313.jpg>Clear:1456,Red:340,Green:891,Blue:886,Temp:34.49,Pressure:1005.3,CO2:1712,Humidity:60,Gas:25148,Lux:2732.65
00_20250114174313.jpg>Green:891,Clear:1456,Gas:25148,Blue:886,Red:340,Humidity:60,Temp:34.49,Pressure:1005.3,CO2:1712,Lux:2732.65
00_20250114174313.jpg>CO2:1712,Gas:25148,Clear:1456,Lux:2732.65,Red:340,Humidity:60,Pressure:1005.3,Temp:34.49,Green:891,Blue:886
00_20250114174313.jpg>Humidity:60,Red:340,Temp:34.49,Green:891,CO2:1712,Pressure:1005.3,Gas:25148,Blue:886,Clear:1456,Lux:2732.65
00_20250114174313.jpg>Green:891,Gas:25148,Temp:34.49,Clear:1456,Red:340,Lux:2732.65,Humidity:60,Pressure:1005.3,CO2:1712,Blue:886
00_20250114174313.jpg>Clear:1456,Gas:25148,Red:340,Pressure:1005.3,Blue:886,CO2:1712,Temp:34.49,Green:891,Humidity:60,Lux:2732.65
00_20250114174313.jpg>CO2:1712,Humidity:60,Gas:25148,Green:891,Clear:1456,Red:340,Lux:2732.65,Pressure:1005.3,Blue:886,Temp:34.49
00_20250114174313.jpg>Clear:1456,Blue:886,CO2:1712,Humidity:60,Temp:34.49,Red:340,Lux:2732.65,Gas:25148,Green:891,Pressure:1005.3
00_20250114174313.jpg>Green:891,Red:340,Humidity:60,Blue:886,Lux:2732.65,Clear:1456,Temp:34.49,Gas:25148,CO2:1712,Pressure:1005.3
00_20250114174313.jpg>Pressure:1005.3,CO2:1712,Red:340,Blue:886,Clear:1456,Gas:25148,Humidity:60,Temp:34.49,Lux:2732.65,Green:891
00_20250114175320.jpg>Clear:1170,Red:267,Green:667,Blue:703,Temp:34.47,Pressure:1005.36,CO2:2210,Humidity:60,Gas:22621,Lux:2098.15
00_20250114175320.jpg>Lux:2098.15,Blue:703,Green:667,Red:267,CO2:2210,Gas:22621,Pressure:1005.36,Humidity:60,Clear:1170,Temp:34.47
00_20250114175320.jpg>Clear:1170,Humidity:60,Green:667,Blue:703,Temp:34.47,CO2:2210,Pressure:1005.36,Gas:22621,Red:267,Lux:2098.15
00_20250114175320.jpg>Gas:22621,Humidity:60,Blue:703,Green:667,CO2:2210,Clear:1170,Lux:2098.15,Temp:34.47,Red:267,Pressure:1005.36
00_20250114175320.jpg>Red:267,Pressure:1005.36,Clear:1170,Green:667,Gas:22621,Temp:34.47,CO2:2210,Humidity:60,Blue:703,Lux:2098.15
00_20250114175320.jpg>Blue:703,Temp:34.47,CO2:2210,Red:267,Clear:1170,Pressure:1005.36,Lux:2098.15,Green:667,Gas:22621,Humidity:60
00_20250114175320.jpg>Blue:703,Red:267,Pressure:1005.36,Clear:1170,Temp:34.47,Green:667,Gas:22621,CO2:2210,Lux:2098.15,Humidity:60
00_20250114175320.jpg>Clear:1170,Blue:703,Red:267,Pressure:1005.36,Green:667,Gas:22621,Temp:34.47,Humidity:60,CO2:2210,Lux:2098.15
00_20250114175320.jpg>CO2:2210,Red:267,Temp:34.47,Lux:2098.15,Pressure:1005.36,Clear:1170,Green:667,Humidity:60,Blue:703,Gas:22621
00_20250114175320.jpg>CO2:2210,Temp:34.47,Pressure:1005.36,Green:667,Gas:22621,Humidity:60,Clear:1170,Blue:703,Red:267,Lux:2098.15
00_20250114180327.jpg>Clear:1063,Red:240,Green:605,Blue:641,Temp:34.44,Pressure:1005.41,CO2:1268,Humidity:60,Gas:27302,Lux:2244.38
00_20250114180327.jpg>Green:605,Pressure:1005.41,CO2:1268,Red:240,Lux:2244.38,Gas:27302,Clear:1063,Temp:34.44,Blue:641,Humidity:60
00_20250114180327.jpg>Green:605,Humidity:60,Pressure:1005.41,Lux:2244.38,CO2:1268,Temp:34.44,Clear:1063,Blue:641,Gas:27302,Red:240
00_20250114180327.jpg>Blue:641,Lux:2244.38,Gas:27302,Clear:1063,Temp:34.44,Pressure:1005.41,Green:605,Red:240,CO2:1268,Humidity:60
00_20250114180327.jpg>Blue:641,Red:240,Pressure:1005.41,Temp:34.44,Lux:2244.38,Humidity:60,CO2:1268,Clear:1063,Gas:27302,Green:605
00_20250114180327.jpg>Green:605,Lux:2244.38,CO2:1268,Humidity:60,Blue:641,Pressure:1005.41,Clear:1063,Red:240,Temp:34.44,Gas:27302
00_20250114180327.jpg>Lux:2244.38,CO2:1268,Pressure:1005.41,Red:240,Blue:641,Green:605,Gas:27302,Temp:34.44,Clear:1063,Humidity:60
00_20250114180327.jpg>Humidity:60,Blue:641,Green:605,CO2:1268,Lux:2244.38,Pressure:1005.41,Red:240,Gas:27302,Temp:34.44,Clear:1063
00_20250114180327.jpg>Pressure:1005.41,Clear:1063,Gas:27302,Red:240,Humidity:60,Blue:641,Temp:34.44,CO2:1268,Green:605,Lux:2244.38
00_20250114180327.jpg>Green:605,Blue:641,CO2:1268,Lux:2244.38,Red:240,Pressure:1005.41,Humidity:60,Clear:1063,Temp:34.44,Gas:27302
00_20250114181335.jpg>Clear:1937,Red:515,Green:1205,Blue:1097,Temp:34.52,Pressure:1005.54,CO2:1221,Humidity:60,Gas:27643,Lux:2333.84
00_20250114181335.jpg>Green:1205,Clear:1937,Red:515,Temp:34.52,Pressure:1005.54,CO2:1221,Blue:1097,Humidity:60,Lux:2333.84,Gas:27643
00_20250114181335.jpg>Humidity:60,CO2:1221,Clear:1937,Temp:34.52,Blue:1097,Red:515,Gas:27643,Pressure:1005.54,Lux:2333.84,Green:1205
00_20250114181335.jpg>Red:515,Humidity:60,Blue:1097,Pressure:1005.54,CO2:1221,Gas:27643,Clear:1937,Green:1205,Temp:34.52,Lux:2333.84
00_20250114181335.jpg>Blue:1097,Humidity:60,Gas:27643,Green:1205,CO2:1221,Red:515,Lux:2333.84,Clear:1937,Temp:34.52,Pressure:1005.54
00_20250114181335.jpg>Lux:2333.84,Blue:1097,Gas:27643,Clear:1937,Pressure:1005.54,CO2:1221,Temp:34.52,Green:1205,Humidity:60,Red:515
00_20250114181335.jpg>Lux:2333.84,Clear:1937,Green:1205,Gas:27643,Red:515,Pressure:1005.54,CO2:1221,Humidity:60,Temp:34.52,Blue:1097
00_20250114181335.jpg>Humidity:60,Gas:27643,Pressure:1005.54,Clear:1937,CO2:1221,Red:515,Green:1205,Blue:1097,Temp:34.52,Lux:2333.84
00_20250114181335.jpg>Gas:27643,CO2:1221,Pressure:1005.54,Clear:1937,Red:515,Green:1205,Blue:1097,Humidity:60,Temp:34.52,Lux:2333.84
00_20250114181335.jpg>Gas:27643,Lux:2333.84,Pressure:1005.54,CO2:1221,Red:515,Green:1205,Clear:1937,Temp:34.52,Blue:1097,Humidity:60
00_20250114183349.jpg>Clear:752,Red:183,Green:459,Blue:446,Temp:34.4,Pressure:1005.75,CO2:860,Humidity:60,Gas:29036,Lux:1167.99
00_20250114183349.jpg>Green:459,Gas:29036,CO2:860,Red:183,Blue:446,Humidity:60,Pressure:1005.75,Temp:34.4,Lux:1167.99,Clear:752
00_20250114183349.jpg>Green:459,Blue:446,Temp:34.4,Lux:1167.99,CO2:860,Clear:752,Humidity:60,Pressure:1005.75,Gas:29036,Red:183
00_20250114183349.jpg>Pressure:1005.75,Lux:1167.99,CO2:860,Temp:34.4,Gas:29036,Red:183,Blue:446,Humidity:60,Green:459,Clear:752
00_20250114183349.jpg>Pressure:1005.75,Red:183,CO2:860,Green:459,Gas:29036,Blue:446,Clear:752,Lux:1167.99,Humidity:60,Temp:34.4
00_20250114183349.jpg>Humidity:60,Gas:29036,Red:183,Clear:752,Pressure:1005.75,Blue:446,CO2:860,Green:459,Temp:34.4,Lux:1167.99
00_20250114183349.jpg>Lux:1167.99,Red:183,Pressure:1005.75,Green:459,Clear:752,CO2:860,Humidity:60,Temp:34.4,Gas:29036,Blue:446
00_20250114183349.jpg>Pressure:1005.75,Blue:446,Humidity:60,CO2:860,Green:459,Temp:34.4,Gas:29036,Red:183,Clear:752,Lux:1167.99
00_20250114183349.jpg>Temp:34.4,Pressure:1005.75,Blue:446,Humidity:60,CO2:860,Green:459,Clear:752,Gas:29036,Lux:1167.99,Red:183
00_20250114183349.jpg>Green:459,Temp:34.4,Lux:1167.99,Red:183,Gas:29036,Humidity:60,Pressure:1005.75,Clear:752,CO2:860,Blue:446
00_20250114184357.jpg>Clear:576,Red:136,Green:344,Blue:343,Temp:34.39,Pressure:1005.89,CO2:865,Humidity:60,Gas:29691,Lux:842.98
00_20250114184357.jpg>CO2:865,Clear:576,Green:344,Blue:343,Red:136,Gas:29691,Lux:842.98,Humidity:60,Pressure:1005.89,Temp:34.39
00_20250114184357.jpg>Lux:842.98,Gas:29691,Humidity:60,Temp:34.39,Pressure:1005.89,Blue:343,Red:136,Green:344,Clear:576,CO2:865
00_20250114184357.jpg>Humidity:60,Red:136,CO2:865,Green:344,Pressure:1005.89,Blue:343,Gas:29691,Lux:842.98,Temp:34.39,Clear:576
00_20250114184357.jpg>Red:136,Pressure:1005.89,Blue:343,Lux:842.98,Green:344,Gas:29691,Humidity:60,Temp:34.39,CO2:865,Clear:576
00_20250114184357.jpg>Blue:343,Humidity:60,Lux:842.98,Temp:34.39,Gas:29691,Green:344,Pressure:1005.89,Clear:576,CO2:865,Red:136
00_20250114184357.jpg>Lux:842.98,Blue:343,CO2:865,Gas:29691,Pressure:1005.89,Humidity:60,Temp:34.39,Green:344,Red:136,Clear:576
00_20250114184357.jpg>Gas:29691,Temp:34.39,CO2:865,Clear:576,Blue:343,Pressure:1005.89,Humidity:60,Lux:842.98,Green:344,Red:136
00_20250114184357.jpg>Temp:34.39,Lux:842.98,Red:136,Pressure:1005.89,Blue:343,Green:344,CO2:865,Gas:29691,Clear:576,Humidity:60
00_20250114184357.jpg>Gas:29691,Green:344,Lux:842.98,Pressure:1005.89,CO2:865,Red:136,Blue:343,Clear:576,Humidity:60,Temp:34.39
00_20250114185404.jpg>Clear:421,Red:113,Green:253,Blue:234,Temp:34.29,Pressure:1005.97,CO2:622,Humidity:60,Gas:31634,Lux:592.32
00_20250114185404.jpg>CO2:622,Lux:592.32,Green:253,Gas:31634,Pressure:1005.97,Humidity:60,Temp:34.29,Clear:421,Red:113,Blue:234
00_20250114185404.jpg>Clear:421,CO2:622,Blue:234,Gas:31634,Red:113,Green:253,Pressure:1005.97,Lux:592.32,Humidity:60,Temp:34.29
00_20250114185404.jpg>Humidity:60,Green:253,CO2:622,Pressure:1005.97,Temp:34.29,Clear:421,Red:113,Gas:31634,Blue:234,Lux:592.32
00_20250114185404.jpg>Pressure:1005.97,Gas:31634,Humidity:60,Temp:34.29,Lux:592.32,CO2:622,Blue:234,Green:253,Clear:421,Red:113
00_20250114185404.jpg>Red:113,Humidity:60,CO2:622,Pressure:1005.97,Blue:234,Lux:592.32,Temp:34.29,Green:253,Clear:421,Gas:31634
00_20250114185404.jpg>Lux:592.32,Blue:234,Temp:34.29,Gas:31634,CO2:622,Red:113,Clear:421,Humidity:60,Pressure:1005.97,Green:253
00_20250114185404.jpg>Red:113,Temp:34.29,CO2:622,Blue:234,Pressure:1005.97,Clear:421,Gas:31634,Green:253,Humidity:60,Lux:592.32
00_20250114185404.jpg>Green:253,Gas:31634,Temp:34.29,Red:113,Blue:234,Humidity:60,Lux:592.32,Pressure:1005.97,Clear:421,CO2:622
00_20250114185404.jpg>Red:113,Pressure:1005.97,CO2:622,Clear:421,Lux:592.32,Blue:234,Humidity:60,Temp:34.29,Gas:31634,Green:253
00_20250114190411.jpg>Clear:177,Lux:245.66,Green:105,Blue:109,Red:41
00_20250114193418.jpg>CO2:1642,Humidity:62,Blue:1,Pressure:1006.69,Gas:24447,Temp:34.3,Green:0,Red:0,Clear:1,Lux:2.77
00_20250114193418.jpg>Gas:24447,Temp:34.3,Clear:1,Green:0,Pressure:1006.69,Humidity:62,Lux:2.77,CO2:1642,Blue:1,Red:0
00_20250114193418.jpg>Temp:34.3,Lux:2.77,Red:0,Pressure:1006.69,Gas:24447,Green:0,Clear:1,CO2:1642,Humidity:62,Blue:1
00_20250114193418.jpg>CO2:1642,Humidity:62,Clear:1,Red:0,Temp:34.3,Pressure:1006.69,Lux:2.77,Gas:24447,Green:0,Blue:1
00_20250114193418.jpg>Pressure:1006.69,Temp:34.3,Gas:24447,Blue:1,Clear:1,Humidity:62,Lux:2.77,Red:0,CO2:1642,Green:0
00_20250114193418.jpg>Gas:24447,Green:0,Lux:2.77,Temp:34.3,Pressure:1006.69,Blue:1,Clear:1,CO2:1642,Red:0,Humidity:62
00_20250114193418.jpg>Red:0,Gas:24447,CO2:1642,Clear:1,Pressure:1006.69,Lux:2.77,Blue:1,Green:0,Temp:34.3,Humidity:62
00_20250114200426.jpg>Clear:0,Red:0,Green:0,Blue:0,Temp:34.13,Pressure:1007.34,CO2:851,Humidity:62,Gas:28817,Lux:1.93
00_20250114200426.jpg>Temp:34.13,Blue:0,Gas:28817,Green:0,Humidity:62,CO2:851,Clear:0,Red:0,Lux:1.93,Pressure:1007.34
00_20250114200426.jpg>Lux:1.93,Clear:0,CO2:851,Humidity:62,Pressure:1007.34,Gas:28817,Temp:34.13,Red:0,Blue:0,Green:0
00_20250114200426.jpg>Blue:0,Green:0,Temp:34.13,Gas:28817,Pressure:1007.34,Lux:1.93,Clear:0,Red:0,CO2:851,Humidity:62
00_20250114200426.jpg>Humidity:62,CO2:851,Green:0,Gas:28817,Pressure:1007.34,Blue:0,Temp:34.13,Red:0,Clear:0,Lux:1.93
00_20250114203433.jpg>Clear:0,Green:0,CO2:665,Blue:0,Lux:3.27,Pressure:1007.71,Red:0,Humidity:61,Gas:29818,Temp:34.14
00_20250114203433.jpg>Pressure:1007.71,Humidity:61,Blue:0,CO2:665,Clear:0,Green:0,Lux:3.27,Gas:29818,Temp:34.14,Red:0
00_20250114203433.jpg>Lux:3.27,Gas:29818,CO2:665,Blue:0,Red:0,Humidity:61,Clear:0,Pressure:1007.71,Temp:34.14,Green:0
